{"count":1,"self":131.633216,"total":154.5829503,"children":{"InitializeActuators":{"count":1,"self":0.0030531,"total":0.0030531,"children":null},"InitializeSensors":{"count":1,"self":0.0014219999999999999,"total":0.0014219999999999999,"children":null},"AgentSendState":{"count":7396,"self":0.11050159999999999,"total":0.2657903,"children":{"CollectObservations":{"count":1480,"self":0.042967899999999996,"total":0.042967899999999996,"children":null},"WriteActionMask":{"count":1480,"self":0.0077061,"total":0.0077061,"children":null},"RequestDecision":{"count":1480,"self":0.0331394,"total":0.10461469999999999,"children":{"AgentInfo.ToProto":{"count":1480,"self":0.0296536,"total":0.071475299999999992,"children":{"GenerateSensorData":{"count":1480,"self":0.041821699999999996,"total":0.041821699999999996,"children":null}}}}}}},"DecideAction":{"count":7396,"self":22.0005776,"total":22.000577,"children":null},"AgentAct":{"count":7396,"self":0.67732459999999994,"total":0.67732459999999994,"children":null}},"gauges":{},"metadata":{"timer_format_version":"0.1.0","start_time_seconds":"1763226902","unity_version":"6000.2.6f2","command_line_arguments":"C:\\Program Files\\Unity\\Hub\\Editor\\6000.2.6f2\\Editor\\Unity.exe -projectpath C:\\Documents\\DistanceClicker-ml-agent-dev -acceptSoftwareTermsForThisRunOnly -useHub -hubIPC -cloudEnvironment production","communication_protocol_version":"1.5.0","com.unity.ml-agents_version":"4.0.0","scene_name":"SampleScene","end_time_seconds":"1763227057"}}